"type","sha256"
"root","96BCEC06264976F37460779ACF28C5A7CFE8A3C0AAE11A8FFCEE05C0BDDF08C6"
"root","77B82CD8644C4305F7ACC5CB156B45675004033D51C60C6202A8E0C33467D3A0"
"root","3F034BB5704D44B2D08545A02057DE93EBF3905FCE721ACBC730C06DDAEE904E"
"root","4348A0E9444C78CB265E058D5E8944B4D84F9662BD26DB257F8934A443C70161"
"root","3C4FB0B95AB8B30032F432B86F535FE172C185D0FD39865837CF36187FA6F428"
"root","6DC47172E01CBCB0BF62580D895FE2B8AC9AD4F873801E0C10B9C837D21EB177"
"root","57DE0583EFD2B26E0361DA99DA9DF4648DEF7EE8441C3B728AFA9BCDE0F9B26A"
"root","349DFA4058C5E263123B398AE795573C4E1313C83FE68F93556CD5E8031B3C7D"
"root","C741F70F4B2A8D88BF2E71C14122EF53EF10EBA0CFA5E64CFA20F418853073E0"
"root","18F1FC7F205DF8ADDDEB7FE007DD57E3AF375A9C4D8D73546BF4F1FED1E18D35"
"root","E74FBDA55BD564C473A36B441AA799C8A68E077440E8288B9FA1E50E4BBACA11"
"root","945BBC825EA554F489D1FD51A73DDF2EA624AC7019A05205225C22A78CCFA8B4"
"root","136335439334A7698016A0D324DE72284E079D7B5220BB8FBD747816EEBEBACA"
"root","F1C1B50AE5A20DD8030EC9F6BC24823DD367B5255759B4E71B61FCE9F7375D73"
"root","B724689B79B2EF9421EF8F5CC733EB093851B170EE715177005A09F226D8C91A"
"root","06C08D7DAFD876971EB1124FE67F847EC0C7A158D3EA53CBE940E2EA9791F4C3"
"root","7D05EBB682339F8C9451EE094EEBFEFA7953A114EDB2F44949452FAB7D2FC185"
"root","7E37CB8B4C47090CAB36551BA6F45DB840680FBA166A952DB100717F43053FC2"
"root","D7A7A0FB5D7E2731D771E9484EBCDEF71D5F0C3E0A2948782BC83EE0EA699EF4"
"root","BC4D809B15189D78DB3E1D8CF4F9726A795DA1643CA5F1358E1DDB0EDC0D7EB3"
"root","E59AAA816009C22BFF5B25BAD37DF306F049797C1F81D85AB089E657BD8F0044"
"root","0376AB1D54C5F9803CE4B2E201A0EE7EEF7B57B636E8A93C9B8D4860C96F5FA7"
"root","2A575471E31340BC21581CBD2CF13E158463203ECE94BCF9D3CC196BF09A5472"
"root","15D5B8774619EA7D54CE1CA6D0B0C403E037A917F131E8A04E1E6B7A71BABCE5"
"root","552F7BDCF1A7AF9E6CE672017F4F12ABF77240C78E761AC203D1D9D20AC89988"
"root","179FBC148A3DD00FD24EA13458CC43BFA7F59C8182D783A513F6EBEC100C8924"
"root","574DF6931E278039667B720AFDC1600FC27EB66DD3092979FB73856487212882"
"root","08170D1AA36453901A2F959245E347DB0C8D37ABAABC56B81AA100DC958970DB"
"root","E23D4A036D7B70E9F595B1422079D2B91EDFBB1FB651A0633EAA8A9DC5F80703"
"root","BE4B56CB5056C0136A526DF444508DAA36A0B54F42E4AC38F72AF470E479654C"
"root","0C2CD63DF7806FA399EDE809116B575BF87989F06518F9808C860503178BAF66"
"root","C3846BF24B9E93CA64274C0EC67C1ECC5E024FFCACD2D74019350E81FE546AE4"
"root","8F9ADB6D895DAB5ADF5C3D3FAB83927BE0FB64EF82485C62280D584E8BD55D22"
"root","CBB9C44D84B8043E1050EA31A69F514955D7BFD2E2C6B49301019AD61D9F5058"
"root","46EDC3689046D53A453FB3104AB80DCAEC658B2660EA1629DD7E867990648716"
"root","8FAF7D2E2CB4709BB8E0B33666BF75A5DD45B5DE480F8EA8D4BFE6BEBC17F2ED"
"root","BD71FDF6DA97E4CF62D1647ADD2581B07D79ADF8397EB4ECBA9C5E8488821423"
"root","3F63BB2814BE174EC8B6439CF08D6D56F0B7C405883A5648A334424D6B3EC558"
"root","4200F5043AC8590EBB527D209ED1503029FBCBD41CA1B506EC27F15ADE7DAC69"
"root","937EF8F12276B3C7A3F58E345D09A6EFF01F862F8D2794441CD84D511825FA0C"
"root","EFC65CADBB59ADB6EFE84DA22311B35624B71B3B1EA0DA8B6655174EC8978646"
"root","31AD6648F8104138C738F39EA4320133393E3A18CC02296EF97C2AC9EF6731D0"
"root","1465FA205397B876FAA6F0A9958E5590E40FCC7FAA4FB7C2C8677521FB5FB658"
"root","2E7BF16CC22485A7BBE2AA8696750761B0AE39BE3B2FE9D0CC6D4EF73491425C"
"root","2A8DA2F8D23E0CD3B5871ECFB0F42276CA73230667F474EEDE71C5EE32CC3EC6"
"root","6C61DAC3A2DEF031506BE036D2A6FE401994FBD13DF9C8D466599274C446EC98"
"root","EDF7EBBCA27A2A384D387B7D4010C666E2EDB4843E4C29B4AE1D5B9332E6B24D"
"root","F9A17A00E5C294BA9614A715819AF57F3FD48CC413453FBB8A5FC7E97964E2BC"
"root","3417BB06CC6007DA1B961C920B8AB4CE3FAD820E4AA30B9ACBC4A74EBDCEBC65"
"root","7431E5F4C3C1CE4690774F0B61E05440883BA9A01ED00BA6ABD7806ED3B118CF"
"root","D3ED3FC40AD26B52E001E1E18F4B9449529DEB75A81D5EB680D7B62DB23BA96D"
"root","88F438DCF8FFD1FA8F429115FFE5F82AE1E06E0C70C375FAAD717B34A49E7265"
"root","5A2FC03F0C83B090BBFA40604B0988446C7636183DF9846E17101A447FB8EFD6"
"root","6E1FD3AE0D2D477C8F5EE5F335CC5B6356872654E5356A73D8C0A30A17C252A2"
"root","81A9088EA59FB364C548A6F85559099B6F0405EFBF18E5324EC9F457BA00112F"
"root","E0E17AEA06CF9CE12AAE8190345A2C59720130A7D8FF72F3745AD75DBAA365B6"
"root","71CCA5391F9E794B04802530B363E121DA8A3043BB26662FEA4DCA7FC951A4BD"
"root","EBD41040E4BB3EC742C9E381D31EF2A41A48B6685C96E7CEF3C1DF6CD4331C99"
"root","5546A52504FBA74F61FFD4890067529ADE3B9C9D07E502592831CCDA9B369FD3"
"root","3E9099B5015E8F486C00BCEA9D111EE721FABA355A89BCF1DF69561E3DC6325C"
"root","CB3CCBB76031E5E0138F8DD39A23F9DE47FFC35E43C1144CEA27D46A5AB1CB5F"
"root","04048028BF1F2864D48F9AD4D83294366A828856553F3B14303F90147F5D40EF"
"root","97F654859CBDE586FD90311E82EC7902C238CBA0D6E529564C9C88F44895EC50"
"root","F015CE3CC239BFEF064BE9F1D2C417E1A0264A0A94BE1F0C8D121864EB6949CC"
"root","F4336BC2AC75950BECCF1C1F2F9DA6DDDAFD1F41161CA71F59C76889BD474033"
"root","018E13F0772532CF809BD1B17281867283FC48C6E13BE9C69812854A490C1B05"
"root","30D0895A9A448A262091635522D1F52010B5867ACAE12C78EF958FD4F4389F2F"
"root","1793927A0614549789ADCE2F8F34F7F0B66D0F3AE3A3B84D21EC15DBBA4FADC7"
"root","513B2CECB810D4CDE5DD85391ADFC6C2DD60D87BB736D2B521484AA47A0EBEF6"
"root","8D25CD97229DBF70356BDA4EB3CC734031E24CF00FAFCFD32DC76EB5841C7EA8"
"root","5C58468D55F58E497E743982D2B50010B6D165374ACF83A7D4A32DB768C4408E"
"root","4FF460D54B9C86DABFBCFC5712E0400D2BED3FBC4D4FBDAA86E06ADCD2A9AD7A"
"root","B4585F22E4AC756A4E8612A1361C5D9D031A93FD84FEBB778FA3068B0FC42DC2"
"root","2605875AFCC176B2D66DD66A995D7F8D5EBB86CE120D0E7E9E7C6EF294A27D4C"
"root","EBC5570C29018C4D67B1AA127BAF12F703B4611EBC17B7DAB5573894179B93FA"
"root","AC7F7862E685C7A7D9826A58EA32D183D4893FCC8F8FD6D900C9769A987E77F0"
"root","D947432ABDE7B7FA90FC2E6B59101B1280E0E1C7E4E40FA3C6887FFF57A7F4CF"
"root","52F0E1C4E58EC629291B60317F074671B85D7EA80D5B07273463534B32B40234"
"root","43DF5774B03E7FEF5FE40D931A7BEDF1BB2E6B42738C4E6D3841103D3AA7F339"
"root","D13DB1294C45EBC6FC86C6BBF69FA29BDFE692DFF7C713C243C7A956C6A2284C"
"root","8AC552AD577E37AD2C6808D72AA331D6A96B4B3FEBFF34CE9BC0578E08055EC3"
"root","EAA962C4FA4A6BAFEBE415196D351CCD888D4F53F3FA8AE6D7C466A94E6042BB"
"root","554153B13D2CF9DDB753BFBE1A4E0AE08D0AA4187058FE60A2B862B2E4B87BCB"
"root","6AB2AB75F51CB4F4F0156203FBF6F646232F514BE059F62833308B82B4D72DB1"
"root","568D6905A2C88708A4B3025190EDCFEDB1974A606A13C6E5290FCB2AE63EDAB5"
"root","2CE1CB0BF9D2F9E102993FBE215152C3B2DD0CABDE1C68E5319B839154DBB7F5"
"root","EEC5496B988CE98625B934092EEC2908BED0B0F316C2D4730C84EAF1F3D34881"
"root","BEC94911C2955676DB6C0A550986D76E3BA005667C442C9762B4FBB773DE228C"
"root","A0459B9F63B22559F5FA5D4C6DB3F9F72FF19342033578F073BF1D1B46CBB912"
"root","85A0DD7DD720ADB7FF05F83D542B209DC7FF4528F7D677B18389FEA5E5C49E86"
"root","41C923866AB4CAD6B7AD578081582E020797A6CBDF4FFF78CE8396B38937D7F5"
"root","A7DEDF5A842167DD12FDAA0F2080E73295B8B8BEA71B2094EA0950945A482FC1"
"root","0552E6F83FDF65E8FA9670E666DF28A4E21340B510CBE52566F97C4FB94B2BD1"
"root","1501F89C5C4DCF36CF588A17C9FD7CFCEB9EE01E8729BE355E25DE80EB6284B4"
"root","E6BE68CE06FE0DA0C140F1AEB00B67B636C5EEA9422088929362375CE086DB39"
"root","88EF81DE202EB018452E43F864725CEA5FBD1FC2D9D205730709C5D8B8690F46"
"root","C1468CF2254E6004B24696ABA209D1A30BA6E2DFF68A9A4E32C6AB414F90C8D9"
"root","4BE8B5A1C76C6AEAD0611918FCCF9DBD398B67FB12294758BDF994D0F9682F60"
"root","34FF2A4409DC1383E9F8966E8ADFE5719EBA373FD0AD5E2F49F90EE07CF5D4C1"
"root","A7C8681042F3675AA8505D3BA313D80F8AC3250FDF874AD29B834689C087FB11"
"root","A3CC68595DFE7E86D8AD1772A8B5284ADD54ACE3B8A798DF47BCCAFB1FDB84DF"
"root","9BEA11C976FE014764C1BE56A6F914B5A560317ABD9988393382E5161AA0493C"
"root","69729B8E15A86EFC177A57AFB7171DFC64ADD28C2FCA8CF1507E34453CCB1470"
"root","1435F225C5D252D7A21948CC3CE62AECFA88001E3DD72D1CC3555100EB372F93"
"root","8560F91C3624DABA9570B5FEA0DBE36FF11A8323BE9486854FB3F34A5571198D"
"root","E778F0F095FE843729CD1A0082179E5314A9C291442805E1FB1D8FB6B8886C3A"
"root","65353833CF234C79562164F90849C0D104DBABF8EE41064D83E8CBE03BA1C5A5"
"root","578AF4DED0853F4E5998DB4AEAF9CBEA8D945F60B620A38D1A3C13B2BC7BA8E1"
"root","C32FFD9F46F936D16C3673990959434B9AD60AAFBB9E7CF33654F144CC1BA143"
"root","DD6C44B39401B053DBE61120748BBB0F6056007665C168E5C286750EDC8DF129"
"root","02ED0EB28C14DA45165C566791700D6451D7FB56F0B2AB1D3B8EB070E56EDFF5"
"root","C0A6F4DC63A24BFDCF54EF2A6A082A0A72DE35803E2FF5FF527AE5D87206DFD5"
"root","E3B6A2DB2ED7CE48842F7AC53241C7B71D54144BFB40C11F3F1D0B42F5EEA12D"
"root","7BB647A62AEEAC88BF257AA522D01FFEA395E0AB45C73F93F65654EC38F25A06"
"root","40F6AF0346A99AA1CD1D555A4E9CCE62C7F9634603EE406615833DC8C8D00367"
"root","18CE6CFE7BF14E60B2E347B8DFE868CB31D02EBB3ADA271569F50343B46DB3A4"
"root","9A296A5182D1D451A2E37F439B74DAAFA267523329F90F9A0D2007C334E23C9A"
"root","5D56499BE4D2E08BCFCAD08A3E38723D50503BDE706948E42F55603019E528AE"
"root","125609AA301DA0A249B97A8239CB6A34216F44DCAC9F3954B14292F2E8C8608F"
"root","D8E0FEBC1DB2E38D00940F37D27D41344D993E734B99D5656D9778D4D8143624"
"root","604D32D036895AED3BFEFAEB727C009EC0F2B3CDFA42A1C71730E6A72C3BE9D4"
"root","62DD0BE9B9F50A163EA0F8E75C053B1ECA57EA55C8688F647C6881F2C8357B95"
"root","1E51942B84FD467BF77D1C89DA241C04254DC8F3EF4C22451FE7A89978BDCD4F"
"root","371A00DC0533B3721A7EEB40E8419E70799D2B0A0F2C1D80693165F7CEC4AD75"
"root","9AE36232A5189FFDDB353DFD26520C015395D22777DAC59DB57B98C089A651E6"
"root","5AB4FCDB180B5B6AF0D262A2375A2C77D25602015D96648756611E2E78C53AD3"
"root","FD73DAD31C644FF1B43BEF0CCDDA96710B9CD9875ECA7E31707AF3E96D522BBD"
"root","E793C9B02FD8AA13E21C31228ACCB08119643B749C898964B1746D46C3D4CBD2"
"root","55903859C8C0C3EBB8759ECE4E2557225FF5758BBD38EBD48276601E1BD58097"
"root","E46A392204A8DCA342A71C1CA9A60C9185B9A930370120C3B9C7E3856F0D8F3B"
"root","CBB522D7B7F127AD6A0113865BDF1CD4102E7D0759AF635A7CF4720DC963C53B"
"root","FB8FEC759169B9106B1E511644C618C51304373F6C0643088D8BEFFD1B997599"
"root","55926084EC963A64B96E2ABE01CE0BA86A64FBFEBCC7AAB5AFC155B37FD76066"
"root","A1339D33281A0B56E557D3D32B1CE7F9367EB094BD5FA72A7E5004C8DED7CAFE"
"root","9A114025197C5BB95D94E63D55CD43790847B646B23CDF11ADA4A00EFF15FB48"
"root","6B9C08E86EB0F767CFAD65CD98B62149E5494A67F5845E7BD1ED019F27B86BD6"
"root","68AD50909B04363C605EF13581A939FF2C96372E3F12325B0A6861E1D59F6603"
"root","3C5F81FEA5FAB82C64BFA2EAECAFCDE8E077FC8620A7CAE537163DF36EDBF378"
"root","91E2F5788D5810EBA7BA58737DE1548A8ECACD014598BC0B143E041B17052552"
"root","BFFF8FD04433487D6A8AA60C1A29767A9FC2BBB05E420F713A13B992891D3893"
"root","063E4AFAC491DFD332F3089B8542E94617D893D7FE944E10A7937EE29D9693C0"
"root","209E956AF04DF3996507C887D356230D6EB49FDBDD2D8A058FF50B8F80F690AA"
"root","DB3517D1F6732A2D5AB97C533EC70779EE3270A62FB4AC4238372460E6F01E88"
"root","6B328085625318AA50D173C98D8BDA09D57E27413D114CF787A0F5D06C030CF6"
"root","59769007F7685D0FCD50872F9F95D5755A5B2B457D81F3692B610A98672F0E1B"
"root","6EC6614E9A8EFD47D6318FFDFD0BF65B493A141F77C38D0B319BE1BBBC053DD2"
"root","7A77C6C61EEEB9AA65C4EA410D65D895B26A81123283009DB104B48DE80B2479"
"root","49A2762987788D4834B32305D767760F244D507742E8C2539FD4CA3AD52C16EE"
"root","C90F26F0FB1B4018B22227519B5CA2B53E2CA5B3BE5CF18EFE1BEF47380C5383"
"root","4B009C1034494F9AB56BBA3BA1D62731FC4D20D8955ADCEC10A925607261E338"
"root","F3896F88FE7C0A882766A7FA6AD2749FB57A7F3E98FB769C1FA7B09C2C44D5AE"
"root","416B1F9E84E74C1D19B23D8D7191C6AD81246E641601F599132729F507BEB3CC"
"root","B49141502D00663D740F2E7EC340C52800962666121A36D09CF7DD2B90384FB4"
"root","E0D3226AEB1163C2E48FF9BE3B50B4C6431BE7BB1EACC5C36B5D5EC509039A08"
"root","C8A2D38A24F5AC302D8A08EBD38923D9A750B49220F092E82D1C53249E1533D0"
"root","0A81EC5A929777F145904AF38D5D509F66B5E2C58FCDB531058B0E17F3F0B41B"
"root","34BB34E14FAED0D3392F2FC441C0ECD5FD88AD88118DF2D1BA76CDEC1EEA10B8"
"root","30FBBA2C32238E2A98547AF97931E550428B9B3F1C8EEB6633DCFA86C5B27DD3"
"root","420332EF876EBE78F2AF5D28AAACDE24AAD0C10F8FFAAC469EFD7BD941929568"
"root","E35D28419ED02025CFA69038CD623962458DA5C695FBDEA3C22B0BFB25897092"
"root","86A1ECBA089C4A8D3BBE2734C612BA341D813E043CF9E8A862CD5C57A36BBE6B"
"root","D48D3D23EEDB50A459E55197601C27774B9D7B18C94D5A059511A10250B93168"
"root","70A73F7F376B60074248904534B11482D5BF0E698ECC498DF52577EBF2E93B9A"
"root","34D8A73EE208D9BCDB0D956520934B4E40E69482596E8B6F73C8426B010A6F48"
"root","2530CC8E98321502BAD96F9B1FBA1B099E2D299E0F4548BB914F363BC0D4531F"
"root","5E3571F33F45A7DF1537A68B5FFB9E036AF9D2F5BC4C9717130DC43D7175AAC7"
"root","1BA5B2AA8C65401A82960118F80BEC4F62304D83CEC4713A19C39C011EA46DB4"
"root","C45D7BB08E6D67E62E4235110B564E5F78FD92EF058C840AEA4E6455D7585C60"
"root","DD6936FE21F8F077C123A1A521C12224F72255B73E03A7260693E8A24B0FA389"
"root","04F1BEC36951BC1454A904CE32890C5DA3CDE1356B7900F6E62DFA2041EBAD51"
"root","098E08A91DBBF77478B96CCEB89B1413A5DA37B7C862606A955DEB07179F4326"
"root","FAD540811AFAE0DC767CDF6572A088FA3CE8493DD82B3B869A67D10AAB4E8124"
"root","49E7A442ACF0EA6287050054B52564B650E4F49E42E348D6AA38E039E957B1C1"
"root","24A55C2AB051442D0617766541239A4AD032D7C55175AA34FFDE2FBC4F5C5294"
"root","BFD88FE1101C41AE3E801BF8BE56350EE9BAD1A6B9BD515EDC5C6D5B8711AC44"
"root","F356BEA244B7A91EB35D53CA9AD7864ACE018E2D35D5F8F96DDF68A6F41AA474"
"root","45140B3247EB9CC8C5B4F0D7B53091F73292089E6E5A63E2749DD3ACA9198EDA"
"root","2A99F5BC1174B73CBB1D620884E01C34E51CCB3978DA125F0E33268883BF4158"
"root","657CFE2FA73FAA38462571F332A2363A46FCE7020951710702CDFBB6EEDA3305"
"root","C0076B9EF0531FB1A656D67C4EBE97CD5DBAA41EF44598ACC2489878C92D8711"
"root","BEF256DAF26E9C69BDEC1602359798F3CAF71821A03E018257C53C65617F3D4A"
"root","D95D0E8EDA79525BF9BEB11B14D2100D3294985F0C62D9FABD9CD999ECCB7B1D"
"root","2CABEAFE37D06CA22ABA7391C0033D25982952C453647349763A3AB5AD6CCF69"
"root","44B545AA8A25E65A73CA15DC27FC36D24C1CB9953A066539B11582DC487B4833"
"root","73C176434F1BC6D5ADF45B0E76E727287C8DE57616C1E6E6141A2B2CBC7D8E4C"
"root","2399561127A57125DE8CEFEA610DDF2FA078B5C8067F4E828290BFB860E84B3C"
"root","3F99CC474ACFCE4DFED58794665E478D1547739F2E780F1BB4CA9B133097D401"
"root","D43AF9B35473755C9684FC06D7D8CB70EE5C28E773FB294EB41EE71722924D24"
"root","C1D80CE474A51128B77E794A98AA2D62A0225DA3F419E5C7ED73DFBF660E7109"
"root","BEB00B30839B9BC32C32E4447905950641F26421B15ED089198B518AE2EA1B99"
"root","8ECDE6884F3D87B1125BA31AC3FCB13D7016DE7F57CC904FE1CB97C6AE98196E"
"root","5CC3D78E4E1D5E45547A04E6873E64F90CF9536D1CCC2EF800F355C4C5FD70FD"
"root","8A71DE6559336F426C26E53880D00D88A18DA4C6A91F0DCB6194E206C5C96387"
"root","EEC997C0C30F216F7E3B8B307D2BAE42412D753FC8219DAFD1520B2572850F49"
"root","4FA3126D8D3A11D1C4855A4F807CBAD6CF919D3A5A88B03BEA2C6372D93C40C9"
"root","B085D70B964F191A73E4AF0D54AE7A0E07AAFDAF9B71DD0862138AB7325A24A2"
"root","97552015F5DDFC3C8788C006944555408894450084F100867086BC1A2BB58DC8"
"root","B2FAE53E14CCD7AB9212064701AE279C1D8988FACB775FA8A008914E663988A8"
"root","22A2C1F7BDED704CC1E701B5F408C310880FE956B5DE2A4A44F99C873A25A7C8"
"root","647987D98D52645DA4D3DE3B80771A0CE02B9B9285E6E86999882170744EC9AA"
"root","EB7E05AA58E7BD328A282BF8867033F3C035342B516EE85C01673DFFFFBBFE58"
"root","BE6C4DA2BBB9BA59B6F3939768374246C3C005993FA98F020D1DEDBED48A81D5"
"root","6E0BFF069A26994C15DE2C4888CC54AF84882E5495B7FBF66BE9CCFFEC7489F6"
"root","A040929A02CE53B4ACF4F2FFC6981CE4496F755E6D45FE0B2A692BCD52523F36"
"root","242B69742FCB1E5B2ABF98898B94572187544E5B4D9911786573621F6A74B82C"
"root","D3D607A9FF24A19523B6DA9D2C649446F8788CB96D9FD130972E120C13677730"
"root","88497F01602F3154246AE28C4D5AEF10F1D87EBB76626F4AE0B7F95BA7968799"
"root","FE7696573855773E37A95E7AD4D9CC96C30157C15D31765BA9B15704E1AE78FD"
"root","7A38F708A35A31E42E1CF3220F9A2D273E7666354618B2464657D43D8E77ADC2"
"root","9A6EC012E1A7DA9DBE34194D478AD7C0DB1822FB071DF12981496ED104384113"
"root","193144F431E0FDDB740717D4DE926A571133884B4360D30E272913CBE660CE41"
"root","1A0D20445DE5BA1862D19EF880858CBCE50102B36E8F0A040C3C69E74522FE6E"
"root","D7BA3F4FF8AD05633451470DDA3378A3491B90005E5C687D2B68D53647CFDD66"
"root","2E44102AB58CB85419451C8E19D9ACF3662CAFBC614B6A53960A30F7D0E2EB41"
"root","CECDDC905099D8DADFC5B1D209B737CBE2C18CFB2C10C0FF0BCF0D3286FC1AA2"
"root","07CD9AA9064A9B94C6AEF8FB784C1BBC1BEDA08ACBE86878D781A39167626CF8"
"root","85666A562EE0BE5CE925C1D8890A6F76A87EC16D4D7D5F29EA7419CF20123B69"
"root","1CF341AE35341AC3AE1DC68D5B10DC0C9DC1307656F75FD92CA2C68489D52E9A"
"root","B676F2EDDAE8775CD36CB0F63CD1D4603961F49E6265BA013A2F0307B6D0B804"
"root","8FE4FB0AF93A4D0D67DB0BEBB23E37C71BF325DCBCDD240EA04DAF58B47E1840"
"root","8A866FD1B276B57E578E921C65828A2BED58E9F2F288054134B7F1F4BFC9CC74"
"root","8E8221B2E7D4007836A1672F0DCC299C33BC07D316F132FA1A206D587150F1CE"
"root","358DF39D764AF9E1B766E9C972DF352EE15CFAC227AF6AD1D70E8E4A6EDCBA02"
